{"pitch": [-3.350154187727341, 9.211026185627908, 158.3959098208435, 47.28018501390088], "energy": [-1.3278659582138062, 11.298851013183594, 9.192636359408374, 6.922864833513975]}