{"pitch": [-3.3501624422630494, 9.211233028449046, 158.39358776875287, 47.279375402990105], "energy": [-1.3278659582138062, 11.298851013183594, 9.19263635938242, 6.922864834197253]}